[{"model": "auth.permission", "pk": 1, "fields": {"name": "Can add log entry", "content_type": 1, "codename": "add_logentry"}}, {"model": "auth.permission", "pk": 2, "fields": {"name": "Can change log entry", "content_type": 1, "codename": "change_logentry"}}, {"model": "auth.permission", "pk": 3, "fields": {"name": "Can delete log entry", "content_type": 1, "codename": "delete_logentry"}}, {"model": "auth.permission", "pk": 4, "fields": {"name": "Can view log entry", "content_type": 1, "codename": "view_logentry"}}, {"model": "auth.permission", "pk": 5, "fields": {"name": "Can add permission", "content_type": 2, "codename": "add_permission"}}, {"model": "auth.permission", "pk": 6, "fields": {"name": "Can change permission", "content_type": 2, "codename": "change_permission"}}, {"model": "auth.permission", "pk": 7, "fields": {"name": "Can delete permission", "content_type": 2, "codename": "delete_permission"}}, {"model": "auth.permission", "pk": 8, "fields": {"name": "Can view permission", "content_type": 2, "codename": "view_permission"}}, {"model": "auth.permission", "pk": 9, "fields": {"name": "Can add group", "content_type": 3, "codename": "add_group"}}, {"model": "auth.permission", "pk": 10, "fields": {"name": "Can change group", "content_type": 3, "codename": "change_group"}}, {"model": "auth.permission", "pk": 11, "fields": {"name": "Can delete group", "content_type": 3, "codename": "delete_group"}}, {"model": "auth.permission", "pk": 12, "fields": {"name": "Can view group", "content_type": 3, "codename": "view_group"}}, {"model": "auth.permission", "pk": 13, "fields": {"name": "Can add user", "content_type": 4, "codename": "add_user"}}, {"model": "auth.permission", "pk": 14, "fields": {"name": "Can change user", "content_type": 4, "codename": "change_user"}}, {"model": "auth.permission", "pk": 15, "fields": {"name": "Can delete user", "content_type": 4, "codename": "delete_user"}}, {"model": "auth.permission", "pk": 16, "fields": {"name": "Can view user", "content_type": 4, "codename": "view_user"}}, {"model": "auth.permission", "pk": 17, "fields": {"name": "Can add content type", "content_type": 5, "codename": "add_contenttype"}}, {"model": "auth.permission", "pk": 18, "fields": {"name": "Can change content type", "content_type": 5, "codename": "change_contenttype"}}, {"model": "auth.permission", "pk": 19, "fields": {"name": "Can delete content type", "content_type": 5, "codename": "delete_contenttype"}}, {"model": "auth.permission", "pk": 20, "fields": {"name": "Can view content type", "content_type": 5, "codename": "view_contenttype"}}, {"model": "auth.permission", "pk": 21, "fields": {"name": "Can add session", "content_type": 6, "codename": "add_session"}}, {"model": "auth.permission", "pk": 22, "fields": {"name": "Can change session", "content_type": 6, "codename": "change_session"}}, {"model": "auth.permission", "pk": 23, "fields": {"name": "Can delete session", "content_type": 6, "codename": "delete_session"}}, {"model": "auth.permission", "pk": 24, "fields": {"name": "Can view session", "content_type": 6, "codename": "view_session"}}, {"model": "auth.permission", "pk": 25, "fields": {"name": "Can add cajero", "content_type": 7, "codename": "add_cajero"}}, {"model": "auth.permission", "pk": 26, "fields": {"name": "Can change cajero", "content_type": 7, "codename": "change_cajero"}}, {"model": "auth.permission", "pk": 27, "fields": {"name": "Can delete cajero", "content_type": 7, "codename": "delete_cajero"}}, {"model": "auth.permission", "pk": 28, "fields": {"name": "Can view cajero", "content_type": 7, "codename": "view_cajero"}}, {"model": "auth.permission", "pk": 29, "fields": {"name": "Can add cliente", "content_type": 8, "codename": "add_cliente"}}, {"model": "auth.permission", "pk": 30, "fields": {"name": "Can change cliente", "content_type": 8, "codename": "change_cliente"}}, {"model": "auth.permission", "pk": 31, "fields": {"name": "Can delete cliente", "content_type": 8, "codename": "delete_cliente"}}, {"model": "auth.permission", "pk": 32, "fields": {"name": "Can view cliente", "content_type": 8, "codename": "view_cliente"}}, {"model": "auth.permission", "pk": 33, "fields": {"name": "Can add proveedor", "content_type": 9, "codename": "add_proveedor"}}, {"model": "auth.permission", "pk": 34, "fields": {"name": "Can change proveedor", "content_type": 9, "codename": "change_proveedor"}}, {"model": "auth.permission", "pk": 35, "fields": {"name": "Can delete proveedor", "content_type": 9, "codename": "delete_proveedor"}}, {"model": "auth.permission", "pk": 36, "fields": {"name": "Can view proveedor", "content_type": 9, "codename": "view_proveedor"}}, {"model": "auth.permission", "pk": 37, "fields": {"name": "Can add producto", "content_type": 10, "codename": "add_producto"}}, {"model": "auth.permission", "pk": 38, "fields": {"name": "Can change producto", "content_type": 10, "codename": "change_producto"}}, {"model": "auth.permission", "pk": 39, "fields": {"name": "Can delete producto", "content_type": 10, "codename": "delete_producto"}}, {"model": "auth.permission", "pk": 40, "fields": {"name": "Can view producto", "content_type": 10, "codename": "view_producto"}}, {"model": "auth.permission", "pk": 41, "fields": {"name": "Can add factura", "content_type": 11, "codename": "add_factura"}}, {"model": "auth.permission", "pk": 42, "fields": {"name": "Can change factura", "content_type": 11, "codename": "change_factura"}}, {"model": "auth.permission", "pk": 43, "fields": {"name": "Can delete factura", "content_type": 11, "codename": "delete_factura"}}, {"model": "auth.permission", "pk": 44, "fields": {"name": "Can view factura", "content_type": 11, "codename": "view_factura"}}, {"model": "auth.permission", "pk": 45, "fields": {"name": "Can add compra", "content_type": 12, "codename": "add_compra"}}, {"model": "auth.permission", "pk": 46, "fields": {"name": "Can change compra", "content_type": 12, "codename": "change_compra"}}, {"model": "auth.permission", "pk": 47, "fields": {"name": "Can delete compra", "content_type": 12, "codename": "delete_compra"}}, {"model": "auth.permission", "pk": 48, "fields": {"name": "Can view compra", "content_type": 12, "codename": "view_compra"}}, {"model": "auth.permission", "pk": 49, "fields": {"name": "Can add admin", "content_type": 13, "codename": "add_admin"}}, {"model": "auth.permission", "pk": 50, "fields": {"name": "Can change admin", "content_type": 13, "codename": "change_admin"}}, {"model": "auth.permission", "pk": 51, "fields": {"name": "Can delete admin", "content_type": 13, "codename": "delete_admin"}}, {"model": "auth.permission", "pk": 52, "fields": {"name": "Can view admin", "content_type": 13, "codename": "view_admin"}}, {"model": "auth.permission", "pk": 53, "fields": {"name": "Can add stats", "content_type": 14, "codename": "add_stats"}}, {"model": "auth.permission", "pk": 54, "fields": {"name": "Can change stats", "content_type": 14, "codename": "change_stats"}}, {"model": "auth.permission", "pk": 55, "fields": {"name": "Can delete stats", "content_type": 14, "codename": "delete_stats"}}, {"model": "auth.permission", "pk": 56, "fields": {"name": "Can view stats", "content_type": 14, "codename": "view_stats"}}, {"model": "auth.user", "pk": 1, "fields": {"password": "pbkdf2_sha256$260000$SAcyz0emsTTL4rB4kAn9PX$9+BMKeASKECTuFmbzgN8qIEQm5IW9fg9vVT+u4wSB70=", "last_login": "2024-03-11T20:13:09.102Z", "is_superuser": true, "username": "admin", "first_name": "", "last_name": "", "email": "camilosolerbucuru@gmail.com", "is_staff": true, "is_active": true, "date_joined": "2024-03-11T20:12:54.049Z", "groups": [], "user_permissions": []}}, {"model": "contenttypes.contenttype", "pk": 1, "fields": {"app_label": "admin", "model": "logentry"}}, {"model": "contenttypes.contenttype", "pk": 2, "fields": {"app_label": "auth", "model": "permission"}}, {"model": "contenttypes.contenttype", "pk": 3, "fields": {"app_label": "auth", "model": "group"}}, {"model": "contenttypes.contenttype", "pk": 4, "fields": {"app_label": "auth", "model": "user"}}, {"model": "contenttypes.contenttype", "pk": 5, "fields": {"app_label": "contenttypes", "model": "contenttype"}}, {"model": "contenttypes.contenttype", "pk": 6, "fields": {"app_label": "sessions", "model": "session"}}, {"model": "contenttypes.contenttype", "pk": 7, "fields": {"app_label": "app", "model": "cajero"}}, {"model": "contenttypes.contenttype", "pk": 8, "fields": {"app_label": "app", "model": "cliente"}}, {"model": "contenttypes.contenttype", "pk": 9, "fields": {"app_label": "app", "model": "proveedor"}}, {"model": "contenttypes.contenttype", "pk": 10, "fields": {"app_label": "app", "model": "producto"}}, {"model": "contenttypes.contenttype", "pk": 11, "fields": {"app_label": "app", "model": "factura"}}, {"model": "contenttypes.contenttype", "pk": 12, "fields": {"app_label": "app", "model": "compra"}}, {"model": "contenttypes.contenttype", "pk": 13, "fields": {"app_label": "app", "model": "admin"}}, {"model": "contenttypes.contenttype", "pk": 14, "fields": {"app_label": "app", "model": "stats"}}, {"model": "sessions.session", "pk": "2dpgnk5ps235ad7airhpi5zew3rf3gqb", "fields": {"session_data": "eyJpZCI6MSwiYWRtaW4iOmZhbHNlLCJjYWplcm8iOnRydWV9:1rkNPo:8kThCfrrW4CpQg2GJigxvo4C0c9YPN0RwHIlVR9e014", "expire_date": "2024-03-27T12:09:00.360Z"}}, {"model": "sessions.session", "pk": "9m1cepibz0xav4wuq3eagyx51exlruu5", "fields": {"session_data": "eyJpZCI6IiIsImFkbWluIjpmYWxzZSwiY2FqZXJvIjpmYWxzZX0:1rs0Xs:gb5uD6lRiAem1FevtkH32d_vtUvWaDNw5zb3zNR-brU", "expire_date": "2024-04-17T13:20:52.354Z"}}, {"model": "sessions.session", "pk": "lspv2htr687w7yft7g2r6pxutet6yqja", "fields": {"session_data": ".eJxVjsEOgjAQRP9lz6RpsbSWo3e_gey2uwIqTSicjP8uGC5c572ZzAeGBC1ABZjewwSt4KtwBR2uS9-thefuLxg4ZYTxydMO0ojTI6uYp2UeSO2KOmhR95z4dTvc00CPpd_afI2NoeS8RiuGvUtRiBqfQtIknvDiqQ4hOImNFUvOkAix9VYbHWveRiOOPOfj-PcHiAVEmQ:1rjnfn:s1jJgDr4ZFy-lOXywZD9IMYui6KuNFqSSBvGG3A-UJU", "expire_date": "2024-03-25T21:59:07.370Z"}}, {"model": "sessions.session", "pk": "nhzdm80r83sff54149p9eltaj8obuab7", "fields": {"session_data": "eyJpZCI6IiIsImFkbWluIjpmYWxzZSwiY2FqZXJvIjpmYWxzZX0:1rvln0:J3T3Z4aWSH_C-yHMKpd81TCZFn9-_NvpBUo_2dEjyeI", "expire_date": "2024-04-27T22:24:02.155Z"}}, {"model": "sessions.session", "pk": "obq7dyikn3k64s1yytsexj5s7rs2xd38", "fields": {"session_data": "eyJpZCI6IiIsImFkbWluIjpmYWxzZSwiY2FqZXJvIjpmYWxzZX0:1rrpK3:StK3qNdVt04eW8IFD_1p0KilKQ9lgloqg9bw_F5w8yU", "expire_date": "2024-04-17T01:21:51.957Z"}}, {"model": "sessions.session", "pk": "st16yte7holno065jfa76jzrunebutk8", "fields": {"session_data": "eyJpZCI6MSwiYWRtaW4iOmZhbHNlLCJjYWplcm8iOnRydWV9:1rzHZ3:Qf29aCrtLlUqF_XbN1sy7YHuyVGEgqXTBs4U5Ekga-M", "expire_date": "2024-05-07T14:56:09.010Z"}}, {"model": "sessions.session", "pk": "wshjt42a8lbimmmcoeyc6s592umhw4ox", "fields": {"session_data": "eyJpZCI6IiIsImFkbWluIjpmYWxzZSwiY2FqZXJvIjpmYWxzZX0:1rromK:xpVU3YIEk9cuwi1BWdnhFZhGSwtLfdN1xgbSggLrzeo", "expire_date": "2024-04-17T00:47:00.295Z"}}, {"model": "app.proveedor", "pk": 1234125, "fields": {"nomProvider": "Frios y congelados"}}, {"model": "app.proveedor", "pk": 9999999, "fields": {"nomProvider": "ElPapu"}}, {"model": "app.proveedor", "pk": 9439635787, "fields": {"nomProvider": "Vigas y Soportes LTDA"}}, {"model": "app.producto", "pk": 1, "fields": {"nombreProducto": "Manzana roja", "precioCompra": 3000.0, "unidadMedidad": "kg", "ivaProducto": 19.0, "stockProducto": 5, "nitProveedor": 9999999}}, {"model": "app.producto", "pk": 2, "fields": {"nombreProducto": "Pera nacional", "precioCompra": 800.0, "unidadMedidad": "ca", "ivaProducto": 19.0, "stockProducto": 100, "nitProveedor": 9999999}}, {"model": "app.producto", "pk": 5, "fields": {"nombreProducto": "Llave nosas", "precioCompra": 15000.0, "unidadMedidad": "uni", "ivaProducto": 19.0, "stockProducto": 34, "nitProveedor": 9999999}}, {"model": "app.cliente", "pk": 35532712, "fields": {"nombreCliente": "Yamile Bucuru", "numeroCompras": 4, "correo": "yamilebucuru@gmail.com", "telefono": 3208013447.0}}, {"model": "app.cliente", "pk": 1070942659, "fields": {"nombreCliente": "Camilo Soler", "numeroCompras": 64, "correo": "caansobu2@gmail.com", "telefono": 3054002437.0}}, {"model": "app.cajero", "pk": 1, "fields": {"nombreCajero": "Carla", "salario": 1200000.0, "correo": "camilosolerbu@gmail.com", "password": "pbkdf2_sha256$260000$gZ3g8tDHqMCH3Vz6sXGyuB$jWJaxLBLtYByiuT40QNSPB1h3sroC0tONe7GkgPy3RY=", "totalEarning": 0.0}}, {"model": "app.cajero", "pk": 2, "fields": {"nombreCajero": "Elpepe", "salario": 1300000.0, "correo": "pepe@gmail.com", "password": "pbkdf2_sha256$600000$1xdwwPxs47aeoZBQIDo2Y7$wJosPFxP0KYJKsJ7c/C/gWVT6+TBgkm23YFVaA5nAjo=", "totalEarning": 0.0}}, {"model": "app.factura", "pk": 1, "fields": {"cedulaCliente": 1070942659, "idCajero": 1, "totalBruto": 17800.0, "totalIva": 3382.0, "subTotal": 21182.0, "link": "1", "day": "2024-04-21T21:46:57.974Z"}}, {"model": "app.factura", "pk": 2, "fields": {"cedulaCliente": 1070942659, "idCajero": 1, "totalBruto": 17800.0, "totalIva": 3382.0, "subTotal": 21182.0, "link": "1", "day": "2024-04-21T21:47:22.922Z"}}, {"model": "app.factura", "pk": 3, "fields": {"cedulaCliente": 1070942659, "idCajero": 1, "totalBruto": 39000.0, "totalIva": 7410.0, "subTotal": 46410.0, "link": "1", "day": "2024-04-22T22:40:01.111Z"}}, {"model": "app.factura", "pk": 4, "fields": {"cedulaCliente": 1070942659, "idCajero": 1, "totalBruto": 18800.0, "totalIva": 3572.0, "subTotal": 22372.0, "link": "1", "day": "2024-04-22T23:15:01.706Z"}}, {"model": "app.factura", "pk": 5, "fields": {"cedulaCliente": 1070942659, "idCajero": 1, "totalBruto": 18800.0, "totalIva": 3572.0, "subTotal": 22372.0, "link": "1", "day": "2024-04-22T23:18:03.113Z"}}, {"model": "app.factura", "pk": 6, "fields": {"cedulaCliente": 1070942659, "idCajero": 1, "totalBruto": 22600.0, "totalIva": 4294.0, "subTotal": 26894.0, "link": "1", "day": "2024-04-23T01:04:32.601Z"}}, {"model": "app.factura", "pk": 7, "fields": {"cedulaCliente": 1070942659, "idCajero": 1, "totalBruto": 22600.0, "totalIva": 4294.0, "subTotal": 26894.0, "link": "1", "day": "2024-04-23T01:04:32.604Z"}}, {"model": "app.factura", "pk": 8, "fields": {"cedulaCliente": 1070942659, "idCajero": 1, "totalBruto": 22600.0, "totalIva": 4294.0, "subTotal": 26894.0, "link": "1", "day": "2024-04-23T01:16:57.952Z"}}, {"model": "app.factura", "pk": 9, "fields": {"cedulaCliente": 1070942659, "idCajero": 1, "totalBruto": 22600.0, "totalIva": 4294.0, "subTotal": 26894.0, "link": "1", "day": "2024-04-23T01:16:57.953Z"}}, {"model": "app.factura", "pk": 10, "fields": {"cedulaCliente": 1070942659, "idCajero": 1, "totalBruto": 22600.0, "totalIva": 4294.0, "subTotal": 26894.0, "link": "1", "day": "2024-04-23T01:16:57.953Z"}}, {"model": "app.factura", "pk": 11, "fields": {"cedulaCliente": 1070942659, "idCajero": 1, "totalBruto": 22600.0, "totalIva": 4294.0, "subTotal": 26894.0, "link": "1", "day": "2024-04-23T01:19:20.276Z"}}, {"model": "app.factura", "pk": 12, "fields": {"cedulaCliente": 1070942659, "idCajero": 1, "totalBruto": 22600.0, "totalIva": 4294.0, "subTotal": 26894.0, "link": "1", "day": "2024-04-23T01:19:20.277Z"}}, {"model": "app.factura", "pk": 13, "fields": {"cedulaCliente": 1070942659, "idCajero": 1, "totalBruto": 22600.0, "totalIva": 4294.0, "subTotal": 26894.0, "link": "1", "day": "2024-04-23T01:19:20.277Z"}}, {"model": "app.factura", "pk": 491619473, "fields": {"cedulaCliente": 1070942659, "idCajero": 1, "totalBruto": 21800.0, "totalIva": 4142.0, "subTotal": 25942.0, "link": "/static/facturas/recibo2024-04-2314:40:10.pdf/", "day": "2024-04-23T14:40:10.593Z"}}, {"model": "app.factura", "pk": 620673413, "fields": {"cedulaCliente": 1070942659, "idCajero": 1, "totalBruto": 23400.0, "totalIva": 4446.0, "subTotal": 27846.0, "link": "/static/facturas/recibo2024-04-2314:34:47.pdf/", "day": "2024-04-23T14:34:47.764Z"}}, {"model": "app.factura", "pk": 1323979898, "fields": {"cedulaCliente": 1070942659, "idCajero": 1, "totalBruto": 21800.0, "totalIva": 4142.0, "subTotal": 25942.0, "link": "/static/facturas/recibo2024-04-2314:39:48.pdf/", "day": "2024-04-23T14:39:48.068Z"}}, {"model": "app.factura", "pk": 1361397073, "fields": {"cedulaCliente": 1070942659, "idCajero": 1, "totalBruto": 49600.0, "totalIva": 9424.0, "subTotal": 59024.0, "link": "static/facturas/recibo2024-04-23, 01:48:10.pdf/", "day": "2024-04-23T01:48:10.678Z"}}, {"model": "app.factura", "pk": 1633669224, "fields": {"cedulaCliente": 1070942659, "idCajero": 1, "totalBruto": 9000.0, "totalIva": 1710.0, "subTotal": 10710.0, "link": "static/facturas/recibo2024-04-23, 01:51:30.pdf/", "day": "2024-04-23T01:51:30.001Z"}}, {"model": "app.factura", "pk": 1936265197, "fields": {"cedulaCliente": 1070942659, "idCajero": 1, "totalBruto": 22600.0, "totalIva": 4294.0, "subTotal": 26894.0, "link": "static/facturas/recibo2024-04-23, 01:45:48.pdf/", "day": "2024-04-23T01:45:48.043Z"}}, {"model": "app.factura", "pk": 2162798208, "fields": {"cedulaCliente": 1070942659, "idCajero": 1, "totalBruto": 22600.0, "totalIva": 4294.0, "subTotal": 26894.0, "link": "1", "day": "2024-04-23T01:30:53.254Z"}}, {"model": "app.factura", "pk": 2448026654, "fields": {"cedulaCliente": 35532712, "idCajero": 1, "totalBruto": 56400.0, "totalIva": 10716.0, "subTotal": 67116.0, "link": "/static/facturas/recibo2024-04-2312:17:58.pdf/", "day": "2024-04-23T12:17:58.179Z"}}, {"model": "app.factura", "pk": 2609847212, "fields": {"cedulaCliente": 1070942659, "idCajero": 1, "totalBruto": 33000.0, "totalIva": 6270.0, "subTotal": 39270.0, "link": "/static/facturas/recibo2024-04-2301:56:29.pdf/", "day": "2024-04-23T01:56:29.975Z"}}, {"model": "app.factura", "pk": 2753699831, "fields": {"cedulaCliente": 1070942659, "idCajero": 1, "totalBruto": 23400.0, "totalIva": 4446.0, "subTotal": 27846.0, "link": "/static/facturas/recibo2024-04-2314:30:45.pdf/", "day": "2024-04-23T14:30:45.577Z"}}, {"model": "app.factura", "pk": 2813131801, "fields": {"cedulaCliente": 1070942659, "idCajero": 1, "totalBruto": 23400.0, "totalIva": 4446.0, "subTotal": 27846.0, "link": "/static/facturas/recibo2024-04-2314:36:10.pdf/", "day": "2024-04-23T14:36:10.295Z"}}, {"model": "app.factura", "pk": 2831375121, "fields": {"cedulaCliente": 1070942659, "idCajero": 1, "totalBruto": 33000.0, "totalIva": 6270.0, "subTotal": 39270.0, "link": "static/facturas/recibo2024-04-2301:54:32.pdf/", "day": "2024-04-23T01:54:32.333Z"}}, {"model": "app.factura", "pk": 3499964735, "fields": {"cedulaCliente": 1070942659, "idCajero": 1, "totalBruto": 33000.0, "totalIva": 6270.0, "subTotal": 39270.0, "link": "static/facturas/recibo2024-04-23, 01:52:21.pdf/", "day": "2024-04-23T01:52:21.083Z"}}, {"model": "app.factura", "pk": 3709107715, "fields": {"cedulaCliente": 1070942659, "idCajero": 1, "totalBruto": 9800.0, "totalIva": 1862.0, "subTotal": 11662.0, "link": "/static/facturas/recibo2024-04-2314:58:28.pdf/", "day": "2024-04-23T14:58:28.803Z"}}, {"model": "app.factura", "pk": 3987069203, "fields": {"cedulaCliente": 1070942659, "idCajero": 1, "totalBruto": 21800.0, "totalIva": 4142.0, "subTotal": 25942.0, "link": "/static/facturas/recibo2024-04-2314:40:21.pdf/", "day": "2024-04-23T14:40:21.560Z"}}, {"model": "app.factura", "pk": 4064905234, "fields": {"cedulaCliente": 1070942659, "idCajero": 1, "totalBruto": 24800.0, "totalIva": 4712.0, "subTotal": 29512.0, "link": "/static/facturas/recibo2024-04-2314:36:33.pdf/", "day": "2024-04-23T14:36:33.389Z"}}, {"model": "app.compra", "pk": 1, "fields": {"idProducto": 2, "cantidad": 2, "total": 1904.0, "utilidad": 1104.0, "idFactura": 2162798208}}, {"model": "app.compra", "pk": 2, "fields": {"idProducto": 1, "cantidad": 2, "total": 7140.0, "utilidad": 4140.0, "idFactura": 2162798208}}, {"model": "app.compra", "pk": 3, "fields": {"idProducto": 5, "cantidad": 1, "total": 17850.0, "utilidad": 2850.0, "idFactura": 2162798208}}, {"model": "app.compra", "pk": 4, "fields": {"idProducto": 2, "cantidad": 2, "total": 1904.0, "utilidad": 1104.0, "idFactura": 1936265197}}, {"model": "app.compra", "pk": 5, "fields": {"idProducto": 1, "cantidad": 2, "total": 7140.0, "utilidad": 4140.0, "idFactura": 1936265197}}, {"model": "app.compra", "pk": 6, "fields": {"idProducto": 5, "cantidad": 1, "total": 17850.0, "utilidad": 2850.0, "idFactura": 1936265197}}, {"model": "app.compra", "pk": 7, "fields": {"idProducto": 1, "cantidad": 1, "total": 3570.0, "utilidad": 570.0, "idFactura": 1361397073}}, {"model": "app.compra", "pk": 8, "fields": {"idProducto": 2, "cantidad": 2, "total": 1904.0, "utilidad": 1104.0, "idFactura": 1361397073}}, {"model": "app.compra", "pk": 9, "fields": {"idProducto": 5, "cantidad": 3, "total": 53550.0, "utilidad": 38550.0, "idFactura": 1361397073}}, {"model": "app.compra", "pk": 10, "fields": {"idProducto": 1, "cantidad": 3, "total": 10710.0, "utilidad": 7710.0, "idFactura": 1633669224}}, {"model": "app.compra", "pk": 11, "fields": {"idProducto": 1, "cantidad": 1, "total": 3570.0, "utilidad": 570.0, "idFactura": 3499964735}}, {"model": "app.compra", "pk": 12, "fields": {"idProducto": 5, "cantidad": 2, "total": 35700.0, "utilidad": 20700.0, "idFactura": 3499964735}}, {"model": "app.compra", "pk": 13, "fields": {"idProducto": 1, "cantidad": 1, "total": 3570.0, "utilidad": 570.0, "idFactura": 2831375121}}, {"model": "app.compra", "pk": 14, "fields": {"idProducto": 5, "cantidad": 2, "total": 35700.0, "utilidad": 20700.0, "idFactura": 2831375121}}, {"model": "app.compra", "pk": 15, "fields": {"idProducto": 1, "cantidad": 1, "total": 3570.0, "utilidad": 570.0, "idFactura": 2609847212}}, {"model": "app.compra", "pk": 16, "fields": {"idProducto": 5, "cantidad": 2, "total": 35700.0, "utilidad": 20700.0, "idFactura": 2609847212}}, {"model": "app.compra", "pk": 17, "fields": {"idProducto": 1, "cantidad": 3, "total": 10710.0, "utilidad": 7710.0, "idFactura": 2448026654}}, {"model": "app.compra", "pk": 18, "fields": {"idProducto": 5, "cantidad": 3, "total": 53550.0, "utilidad": 38550.0, "idFactura": 2448026654}}, {"model": "app.compra", "pk": 19, "fields": {"idProducto": 2, "cantidad": 3, "total": 2856.0, "utilidad": 2056.0, "idFactura": 2448026654}}, {"model": "app.compra", "pk": 20, "fields": {"idProducto": 1, "cantidad": 2, "total": 7140.0, "utilidad": 4140.0, "idFactura": 2753699831}}, {"model": "app.compra", "pk": 21, "fields": {"idProducto": 2, "cantidad": 3, "total": 2856.0, "utilidad": 2056.0, "idFactura": 2753699831}}, {"model": "app.compra", "pk": 22, "fields": {"idProducto": 5, "cantidad": 1, "total": 17850.0, "utilidad": 2850.0, "idFactura": 2753699831}}, {"model": "app.compra", "pk": 23, "fields": {"idProducto": 1, "cantidad": 2, "total": 7140.0, "utilidad": 4140.0, "idFactura": 620673413}}, {"model": "app.compra", "pk": 24, "fields": {"idProducto": 2, "cantidad": 3, "total": 2856.0, "utilidad": 2056.0, "idFactura": 620673413}}, {"model": "app.compra", "pk": 25, "fields": {"idProducto": 5, "cantidad": 1, "total": 17850.0, "utilidad": 2850.0, "idFactura": 620673413}}, {"model": "app.compra", "pk": 26, "fields": {"idProducto": 1, "cantidad": 2, "total": 7140.0, "utilidad": 4140.0, "idFactura": 2813131801}}, {"model": "app.compra", "pk": 27, "fields": {"idProducto": 2, "cantidad": 3, "total": 2856.0, "utilidad": 2056.0, "idFactura": 2813131801}}, {"model": "app.compra", "pk": 28, "fields": {"idProducto": 5, "cantidad": 1, "total": 17850.0, "utilidad": 2850.0, "idFactura": 2813131801}}, {"model": "app.compra", "pk": 29, "fields": {"idProducto": 5, "cantidad": 1, "total": 17850.0, "utilidad": 2850.0, "idFactura": 4064905234}}, {"model": "app.compra", "pk": 30, "fields": {"idProducto": 1, "cantidad": 3, "total": 10710.0, "utilidad": 7710.0, "idFactura": 4064905234}}, {"model": "app.compra", "pk": 31, "fields": {"idProducto": 2, "cantidad": 1, "total": 952.0, "utilidad": 152.0, "idFactura": 4064905234}}, {"model": "app.compra", "pk": 32, "fields": {"idProducto": 2, "cantidad": 1, "total": 952.0, "utilidad": 152.0, "idFactura": 1323979898}}, {"model": "app.compra", "pk": 33, "fields": {"idProducto": 1, "cantidad": 2, "total": 7140.0, "utilidad": 4140.0, "idFactura": 1323979898}}, {"model": "app.compra", "pk": 34, "fields": {"idProducto": 5, "cantidad": 1, "total": 17850.0, "utilidad": 2850.0, "idFactura": 1323979898}}, {"model": "app.compra", "pk": 35, "fields": {"idProducto": 2, "cantidad": 1, "total": 952.0, "utilidad": 152.0, "idFactura": 491619473}}, {"model": "app.compra", "pk": 36, "fields": {"idProducto": 1, "cantidad": 2, "total": 7140.0, "utilidad": 4140.0, "idFactura": 491619473}}, {"model": "app.compra", "pk": 37, "fields": {"idProducto": 5, "cantidad": 1, "total": 17850.0, "utilidad": 2850.0, "idFactura": 491619473}}, {"model": "app.compra", "pk": 38, "fields": {"idProducto": 2, "cantidad": 1, "total": 952.0, "utilidad": 152.0, "idFactura": 3987069203}}, {"model": "app.compra", "pk": 39, "fields": {"idProducto": 1, "cantidad": 2, "total": 7140.0, "utilidad": 4140.0, "idFactura": 3987069203}}, {"model": "app.compra", "pk": 40, "fields": {"idProducto": 5, "cantidad": 1, "total": 17850.0, "utilidad": 2850.0, "idFactura": 3987069203}}, {"model": "app.compra", "pk": 41, "fields": {"idProducto": 1, "cantidad": 3, "total": 10710.0, "utilidad": 7710.0, "idFactura": 3709107715}}, {"model": "app.compra", "pk": 42, "fields": {"idProducto": 2, "cantidad": 1, "total": 952.0, "utilidad": 152.0, "idFactura": 3709107715}}, {"model": "app.admin", "pk": 3, "fields": {"email": "casoler@gmail.com", "password": "pbkdf2_sha256$260000$GHpQZWSgriauxhvICWX6SV$d3UpG2CEXU9dRaSgHoN2SzNzbQ3R/L/gmUQf5zMZqcg="}}, {"model": "app.admin", "pk": 4, "fields": {"email": "caansobu2@gmail.com", "password": "pbkdf2_sha256$260000$jbdgVmi7hoettyqWilv5Pg$CaefzbLrcFrbUeHfpcAQP1vDCVnfmu9ln0ugpA4LKCY="}}, {"model": "app.stats", "pk": 1, "fields": {"sellsOneWeek": 1.0, "sellsTwoWeek": 1.0, "sellsThreeWeek": 1.0, "sellsFourWeek": 1.0, "nequi": "/img/qr.jpeg", "daviplata": "/img/daviplata.jpeg", "bestCashierMonth": 1}}]